query-id	corpus-id	score
206905	1845345	1
909002	4643516	1
608919	6076046	1
75096	3025667	1
753379	3522562	1
322642	5808031	1
545376	2153465	1
91131	6318439	1
1023010	3369590	1
82294	4833345	1
85793	6214028	1
687385	4498327	1
24282	5265937	1
623	2890975	1
114933	2055996	1
37924	6560403	1
488765	1454039	1
788334	4556569	1
1140505	2491640	1
149847	1291565	1
149847	1291571	1
397000	5875025	1
271875	4310356	1
593849	7041343	1
559231	421843	1
182784	6491206	1
964428	3610199	1
1037105	4254135	1
650723	1344122	1
129860	3275934	1
963359	3847570	1
1035694	6128121	1
901944	5359275	1
848875	3784241	1
310774	6220556	1
716086	6049600	1
74172	1025208	1
420632	926641	1
186466	5865205	1
576189	6808170	1
1037185	3963431	1
517790	5812368	1
769710	5329091	1
325092	4906872	1
744733	5923157	1
1000431	4693884	1
272189	1207698	1
861137	3535507	1
247093	182241	1
978519	3004510	1
170606	7923438	1
644545	3843773	1
682104	2105125	1
735817	1010937	1
1183950	560489	1
699661	1035022	1
593193	5576870	1
509409	1111450	1
859425	3460665	1
1018199	2438281	1
1180175	3866904	1
419461	6171189	1
996612	2300443	1
373236	1923475	1
1045805	2781208	1
732290	1541209	1
370881	5129158	1
745001	5446658	1
1052373	3151801	1
1052373	3151808	1
198927	4845147	1
778349	3721160	1
1146265	1940884	1
455308	354329	1
394408	1456145	1
394408	1456146	1
546739	6867891	1
701849	6943911	1
305220	3866550	1
532668	1553766	1
776869	5945701	1
393183	6054811	1
1137601	2771050	1
650619	2133768	1
1033617	2699306	1
515100	5871641	1
545945	1715187	1
418808	3278262	1
1147673	1810884	1
1145009	2031923	1
1145009	2053852	1
785527	398761	1
992739	5051915	1
578956	2773210	1
133309	155991	1
736536	8004140	1
80211	1754565	1
629088	2956990	1
957617	4803606	1
160774	6854185	1
160774	6854193	1
810820	1463458	1
1155441	1073126	1
27240	5541374	1
405715	6763455	1
575182	1390053	1
695137	579172	1
83468	4379172	1
587185	1544181	1
587185	590697	1
393133	6856063	1
439600	1152999	1
496993	5464155	1
258477	1112243	1
314062	4450253	1
691249	4567448	1
1050291	4119222	1
506379	1760379	1
826122	2884799	1
195717	4022408	1
849933	4261563	1
956619	3504216	1
93561	4800797	1
1075551	2806222	1
179997	3028038	1
394275	552753	1
769915	6232141	1
991117	5151252	1
152146	6360645	1
700506	1127905	1
134471	1693912	1
197401	5504811	1
241105	4202233	1
1163910	199142	1
399575	345167	1
913353	3355855	1
839877	3507632	1
363107	5545415	1
692799	260808	1
520858	6048403	1
83531	3705347	1
450602	6805062	1
891376	4069741	1
229649	5256101	1
994693	2492661	1
1074591	3635668	1
973435	4248237	1
832983	4885902	1
1183587	335223	1
181873	2773703	1
31535	3561968	1
449855	7271355	1
140104	1125373	1
815475	2948722	1
899050	3423620	1
770961	1937952	1
851982	3049229	1
988014	4491830	1
52741	6754163	1
826567	3292672	1
368946	6567525	1
107053	3280871	1
1180773	3257441	1
105469	2312080	1
192602	2199750	1
192602	2199751	1
395064	5852204	1
1169764	4210765	1
242385	6865587	1
113434	729102	1
671654	1782609	1
653166	1104039	1
402307	410678	1
1019448	891462	1
788287	2727877	1
939321	3062759	1
973680	2876535	1
621239	1685470	1
621239	1685472	1
816426	6228288	1
942041	2930010	1
347622	2531808	1
572183	2859409	1
462853	603080	1
465536	398928	1
689201	797351	1
689201	797354	1
248808	6022069	1
781752	2545574	1
1011450	3397342	1
51709	601203	1
343021	5548510	1
1081602	4871100	1
1040668	3308347	1
1153682	1237293	1
793287	5319550	1
1012162	3981305	1
196042	332652	1
977374	5251779	1
1027773	3841791	1
501791	6666792	1
749840	1640633	1
413860	1644563	1
1062080	3173298	1
909178	4003347	1
909178	4003350	1
771939	3192027	1
76446	6121189	1
76446	1891294	1
456117	200921	1
438014	5461432	1
797459	4085914	1
4891	2000836	1
4891	2000841	1
466132	1735577	1
587056	2138794	1
1050038	3759486	1
1145854	1979324	1
242178	2242754	1
1040281	4357482	1
332007	2394532	1
685862	2004255	1
125081	2670354	1
1077680	3824272	1
603854	2238208	1
1169220	4748281	1
943439	4173966	1
901489	3411946	1
793075	2662866	1
1166788	7040857	1
1043583	2731165	1
785339	3324964	1
354355	5501723	1
1157572	861637	1
178217	6631216	1
309911	5831192	1
309911	5831193	1
174492	4080821	1
726626	1675690	1
1140573	2485042	1
534030	270661	1
940092	5264748	1
462532	6924782	1
837008	4684757	1
52105	6588854	1
259756	4660362	1
141090	4027929	1
710608	935217	1
871573	3631869	1
85597	1410637	1
274969	2644146	1
496416	1243552	1
73760	4547082	1
735921	5012010	1
650158	6077532	1
745404	2170050	1
745404	2170051	1
717923	1768267	1
487366	529698	1
487366	529701	1
856786	2519481	1
83505	5516177	1
83505	5516179	1
416832	1906268	1
612292	4083755	1
877065	3345484	1
702869	1633714	1
559167	1656008	1
744198	1455103	1
661391	2196965	1
1952	975249	1
324885	4404551	1
1059134	4967296	1
420012	6271324	1
1010091	3188759	1
759204	968767	1
460040	6212134	1
15653	1905362	1
679581	1777894	1
946356	3587549	1
929319	4315142	1
886899	2780059	1
855256	2512597	1
642091	3131587	1
642091	3643034	1
744420	545971	1
917384	3075650	1
917384	3075651	1
1011610	4573115	1
130784	1336069	1
1077393	3450561	1
1077393	3450562	1
161366	6661788	1
95289	3950324	1
1153524	1253370	1
970790	5291131	1
746011	528978	1
596402	780137	1
18201	349068	1
611968	6069601	1
953412	4413678	1
776220	2611293	1
452732	1227084	1
982472	4388153	1
982472	4388156	1
652454	594994	1
598473	854112	1
759199	796663	1
333104	2609615	1
714779	5928025	1
1170954	3047213	1
602974	2114594	1
569525	6767581	1
428398	3348665	1
824897	4425465	1
369070	6422913	1
755329	1319290	1
505759	6981658	1
646108	2014007	1
319684	3800498	1
371060	3694154	1
313197	6379419	1
233108	6642560	1
810405	2556151	1
563337	7044790	1
890638	6299431	1
1172881	1066799	1
407547	7548743	1
942999	2285218	1
98043	2790382	1
1138540	2679971	1
102053	5859016	1
161177	5607845	1
756030	1527630	1
1042720	3716114	1
254095	599640	1
316371	2350000	1
316371	2350002	1
109087	3183938	1
36078	5917751	1
1042551	3796897	1
68840	1623747	1
124856	3747117	1
805388	5295829	1
1175450	5764556	1
1002996	4747857	1
550253	199336	1
989718	6304397	1
40962	1389291	1
723902	922047	1
494435	1013980	1
987900	2280915	1
722057	1193556	1
866429	3640781	1
866429	3640782	1
966954	2457981	1
801264	6221807	1
255036	5527901	1
422403	6284949	1
482539	6273843	1
951563	4361312	1
1067436	3116575	1
999314	5188775	1
1175568	6992405	1
1034527	5235244	1
109479	1171447	1
581802	942315	1
540469	668945	1
696824	2219669	1
640655	6644052	1
917375	3411563	1
197165	6446526	1
461319	1666806	1
1164546	134703	1
984784	5331735	1
11878	5625087	1
552595	2025991	1
1034160	3804478	1
152900	5699056	1
51433	6456383	1
632411	800024	1
477408	440507	1
773709	4732078	1
856072	2299528	1
627507	1940532	1
627507	1940534	1
627507	1940539	1
366164	8094459	1
645122	1488382	1
705098	1814867	1
705098	1814871	1
103574	3816353	1
288997	6560436	1
754244	915567	1
501030	611849	1
40732	108681	1
831711	4319376	1
535825	4014867	1
593695	1948294	1
608160	6036593	1
216265	643308	1
324139	1874487	1
504794	3608998	1
48373	4646281	1
1058824	4705116	1
675043	821801	1
292420	5042767	1
1062238	2505878	1
394333	2119775	1
179622	2137822	1
518092	1058480	1
987077	2643476	1
735322	3913272	1
999347	5215219	1
907656	507062	1
83988	2848382	1
916194	3063411	1
933499	2725251	1
35419	1737914	1
331686	3462692	1
749927	1237035	1
604206	441897	1
436349	6861545	1
768728	2933830	1
621417	5920550	1
206265	5571674	1
336893	6332724	1
718058	1977084	1
956468	2825044	1
294970	6107907	1
71098	6655325	1
126261	6001140	1
1143579	2189757	1
1051283	2286734	1
336623	2894366	1
821108	4150293	1
389513	139245	1
189787	1709683	1
189787	1709684	1
631955	1314662	1
127661	2291664	1
657581	1469969	1
98361	6545551	1
990732	4686537	1
1155177	1093394	1
1040588	3373921	1
443680	3184966	1
443680	6716914	1
54691	7025296	1
283262	4744158	1
670734	5260890	1
288863	6020375	1
712948	1418874	1
964809	2954466	1
733915	835280	1
998075	2489391	1
1145294	2029785	1
965416	4315935	1
997061	2902407	1
814882	4580332	1
391988	507748	1
1157709	846889	1
672664	6766580	1
471516	6749992	1
270289	6937053	1
552177	1303742	1
717165	5909577	1
264812	6361527	1
609151	564956	1
474542	122560	1
927004	4059351	1
265914	4148248	1
40430	4082377	1
40430	4949797	1
272855	2316115	1
1077146	2599883	1
441431	3020924	1
446344	5890285	1
264479	3375414	1
110994	5111912	1
815448	3870942	1
920367	3293321	1
394259	1578060	1
855622	4138819	1
1037604	2494354	1
147906	2271285	1
1016464	2787148	1
208968	5495245	1
82169	6574311	1
412877	1089677	1
688406	5875605	1
940644	2925087	1
142637	6105587	1
142637	6105588	1
1053166	5303256	1
831716	6232279	1
651214	329028	1
181936	334586	1
719648	5379637	1
206840	6031916	1
284219	6016517	1
284219	6016520	1
609571	5898577	1
1169713	4262141	1
1046446	4618375	1
99282	242130	1
1006926	6225390	1
605902	9323	1
423136	7496719	1
998730	5109479	1
229776	5201562	1
21899	5594834	1
584084	336999	1
274392	5300602	1
653152	527295	1
620056	596278	1
396204	1829206	1
2883	4771085	1
868023	2421655	1
1005297	5134381	1
39260	3339466	1
690081	5874016	1
354685	6553825	1
588068	500912	1
212393	5233540	1
361293	4972879	1
713838	3173914	1
835021	3895911	1
447240	7034131	1
270252	4619582	1
788362	4520301	1
256158	6220999	1
1034225	5164330	1
278042	6221037	1
569770	7161311	1
749518	3014091	1
228585	6625282	1
135002	6581352	1
79695	1470297	1
89094	3722560	1
89094	1434144	1
1040318	845407	1
545246	279455	1
726820	491912	1
923980	2493635	1
35965	5996537	1
705398	2211223	1
973907	6226908	1
360031	868942	1
453964	8461945	1
719523	1327037	1
150572	1664050	1
693338	2004583	1
503768	2328485	1
174086	1937375	1
698764	462604	1
309158	987949	1
451141	2100818	1
270006	5989374	1
1006677	3101624	1
1167618	6279587	1
968087	4992109	1
313452	5492696	1
674732	1528946	1
774310	2638555	1
1007849	3259413	1
708652	2055603	1
1151360	1458412	1
487451	8155970	1
614041	6825474	1
804151	3240901	1
1077526	2590580	1
1153643	1241031	1
290102	6034488	1
999164	4431000	1
561191	5924115	1
648127	1274950	1
721657	5272894	1
954365	162687	1
39831	3151374	1
737299	3914598	1
988356	6211942	1
315937	2898759	1
624098	1886717	1
688335	885679	1
641855	434389	1
720776	920813	1
975391	4716166	1
307866	3333829	1
678186	4893626	1
599308	996213	1
15892	5030833	1
431398	8198136	1
981722	4187289	1
230490	6833901	1
250025	3815935	1
547020	2195110	1
547020	2195116	1
222212	5498471	1
398004	748992	1
235493	6168973	1
707336	378319	1
535209	7300635	1
405459	7189626	1
65891	5693769	1
329453	5507348	1
941595	3800079	1
1150257	1567767	1
621319	7212084	1
1018523	3252719	1
988191	4349474	1
712599	7051237	1
387641	748297	1
902852	4649413	1
1035463	5365743	1
34512	3171778	1
34512	5824916	1
659892	3264501	1
741660	8468150	1
708545	1954168	1
798157	3311231	1
144283	898389	1
724254	428698	1
333253	6596738	1
599872	1506555	1
889582	5987990	1
172232	3901875	1
245997	5433953	1
687309	1691386	1
200613	6168915	1
95862	604309	1
282021	3696479	1
950058	3247621	1
311553	2479030	1
515546	6958506	1
515546	6958507	1
903511	2269475	1
739992	155680	1
340670	5705713	1
937426	3042850	1
993958	5963985	1
702478	7864807	1
197909	3672134	1
584694	6793530	1
195458	3260078	1
1179755	4283345	1
220194	5982819	1
209306	6047777	1
209306	6047785	1
795722	920553	1
807076	6295135	1
699064	7016279	1
201513	7150266	1
494371	3897873	1
508568	6357530	1
576856	6289867	1
943010	1035521	1
329596	731069	1
499597	967370	1
800873	4889346	1
973714	4159817	1
625865	703816	1
99551	3315324	1
712517	1158439	1
859541	4031457	1
162802	6640809	1
544998	4981902	1
118126	4714500	1
396833	400265	1
73766	2263296	1
159845	3357206	1
159845	3357209	1
1144769	2078005	1
1021331	4956027	1
807708	5982746	1
178299	3052641	1
1178211	5684156	1
159564	7140727	1
929477	4029418	1
1055705	3263967	1
408808	2238225	1
792013	2501214	1
317093	2068527	1
192486	934134	1
353041	142544	1
1166234	7567481	1
827118	3467256	1
648733	466670	1
1030258	4772915	1
676986	6247933	1
572023	8571283	1
24606	6777301	1
415418	1381161	1
747070	688126	1
199854	3116623	1
1169410	4560115	1
231830	736041	1
786264	3585423	1
18420	3346780	1
955014	5025698	1
392377	1020609	1
402311	2116148	1
738885	4409100	1
51659	3608255	1
93994	268483	1
697964	6814923	1
951838	6122499	1
817824	2779322	1
548469	5569220	1
594247	3031882	1
873979	2451149	1
664277	152218	1
976851	4098761	1
60171	2953892	1
437092	5303693	1
327866	6642793	1
898657	4827092	1
1062349	4759050	1
113447	5685360	1
1033646	2603492	1
187328	6631082	1
899631	6079	1
335988	5792779	1
613323	5004031	1
305703	4611389	1
512713	1215743	1
960315	4723713	1
917312	4160594	1
125005	5815634	1
717463	1027321	1
35988	1088536	1
479435	6038437	1
767358	820134	1
672023	8560965	1
672023	8560970	1
627842	1683269	1
416152	1163488	1
513027	5912862	1
450434	5899471	1
699397	8482410	1
896155	3631314	1
196085	5737120	1
140607	1158031	1
190209	2471568	1
190209	2471572	1
290400	5434571	1
281653	6649255	1
496795	5998799	1
62702	1860475	1
374280	5868234	1
683066	6064472	1
154129	5752366	1
76067	6187119	1
749924	6901685	1
749924	6901687	1
116567	2693971	1
852375	5321005	1
878514	6313126	1
854901	6122865	1
692480	1443133	1
533750	1351710	1
422953	344315	1
226449	5772286	1
241216	5649468	1
608427	6852044	1
25667	759930	1
687525	6894340	1
555842	6803752	1
555842	6803761	1
801122	2467965	1
572937	921791	1
245551	3683212	1
909502	3113977	1
1076590	4843357	1
614731	606459	1
613745	4124434	1
1165884	7901934	1
1165884	7901939	1
1165884	7901941	1
584347	4872208	1
1035377	5088199	1
535066	1483083	1
603885	6920612	1
66935	4268429	1
1179010	4996978	1
104244	5713856	1
655781	1916501	1
655781	1916503	1
829151	2603734	1
188717	1737963	1
188717	2277775	1
188717	2277780	1
525087	8065980	1
976573	5966474	1
84941	1874826	1
974282	3327103	1
1172025	1925997	1
314554	1893777	1
1026992	4310854	1
35291	6992874	1
142939	2463782	1
19992	6702269	1
576590	243151	1
387981	562058	1
225692	6976694	1
391650	2348914	1
679982	3440639	1
266408	4103910	1
1179875	4162432	1
43178	1841982	1
596416	3719251	1
179582	160220	1
312244	629441	1
323466	5572599	1
962296	3395980	1
907885	5262622	1
855950	4222248	1
691047	1040404	1
742423	5025300	1
866871	4161772	1
866871	4161773	1
995425	3680184	1
252407	3449932	1
252407	3449933	1
747292	6924777	1
86180	5489615	1
191764	6428317	1
184303	1592056	1
30016	6230606	1
789050	3864446	1
647885	1855261	1
886457	5244699	1
772413	5044598	1
888996	4846717	1
978510	4155171	1
248658	5429059	1
93002	6148150	1
538325	1364629	1
775314	3453012	1
636662	1425943	1
763898	6302608	1
422003	1775435	1
594941	7921333	1
157408	5749169	1
278790	3670707	1
800926	2816391	1
674896	8728590	1
892961	4166282	1
181134	963334	1
491989	454177	1
1030111	2680052	1
430116	5331854	1
625099	876118	1
663642	7856391	1
209718	1896943	1
60693	571744	1
632714	5542911	1
244842	509250	1
746177	331084	1
792328	2343178	1
792328	2343186	1
265855	8718936	1
909703	5446200	1
466351	1347538	1
25168	4116139	1
567868	1743802	1
567868	1743804	1
1163573	236001	1
214507	2117277	1
232961	8511993	1
105177	6340229	1
105177	6340230	1
291424	1213377	1
411641	755159	1
855493	3679360	1
684694	6037253	1
1139925	2549362	1
983903	5263150	1
101528	5927978	1
633367	6179523	1
575064	1336574	1
824415	2786173	1
959567	3744937	1
891092	4142636	1
205976	5300820	1
205976	5300823	1
1011373	4813218	1
519426	1351905	1
244093	5131603	1
814811	4263940	1
1038944	3601486	1
1034889	4602024	1
219288	6634662	1
219288	6634665	1
219288	6634667	1
1154017	1202779	1
614125	5343351	1
530536	7373141	1
972641	3746601	1
1079865	4852523	1
923318	2586748	1
406722	391040	1
985556	3171913	1
328312	6015345	1
964229	5198566	1
823359	4348258	1
750140	6265113	1
928818	3275780	1
456694	1193789	1
856169	2519021	1
318252	5826402	1
174841	3959013	1
176859	2001867	1
856215	336619	1
197399	1562859	1
743392	442943	1
36647	2990444	1
394293	457864	1
935941	3072047	1
171715	5141342	1
193648	4212155	1
1176874	6872673	1
338901	3473407	1
310772	5807340	1
419156	1187466	1
853513	2316002	1
872000	4268168	1
962642	2785168	1
565738	1613840	1
565738	1613845	1
869024	4143411	1
689954	1769412	1
510530	552726	1
126524	3882541	1
761081	5111064	1
799745	1188484	1
313450	713185	1
638929	6865834	1
3677	3463237	1
869642	1444562	1
1052535	5225184	1
212816	4017909	1
319983	3982646	1
736489	5376741	1
930822	5239223	1
153352	1985664	1
654613	6197462	1
506725	243824	1
118199	2188251	1
1040194	2473741	1
1040194	2473743	1
498570	173237	1
876432	3959957	1
809018	4054654	1
809018	616960	1
226301	2704509	1
572794	420184	1
619387	6869140	1
285430	5668416	1
904121	3462033	1
136555	3438937	1
974737	4268262	1
622503	1192028	1
683060	5383078	1
598597	1534083	1
238151	4291832	1
662718	3669267	1
228014	6520260	1
66875	3580669	1
841851	4507067	1
180734	6473258	1
967266	5197662	1
1157722	845830	1
282109	1789004	1
1072804	5025180	1
870837	3121867	1
1184657	337910	1
273769	6545663	1
789233	4402228	1
611499	842386	1
436532	2128891	1
1041798	4090941	1
1041798	3365553	1
529748	954393	1
529748	954394	1
507933	1184627	1
1156912	926771	1
419301	705685	1
331853	104421	1
290092	330394	1
416798	1455474	1
589662	2071711	1
229753	3328563	1
1171413	2570995	1
903596	2533019	1
703403	8697190	1
421276	4665108	1
528817	7032612	1
528817	7032615	1
1168747	1793866	1
462900	785360	1
868262	4335658	1
868262	4335665	1
993324	2491725	1
987340	2264712	1
491016	6207629	1
723646	7532490	1
60876	5787691	1
747749	954871	1
936038	2452592	1
388347	927083	1
948418	24815	1
740907	6991861	1
1155394	893615	1
779766	3839822	1
602189	5171403	1
786453	4423067	1
559406	7975682	1
179732	2709409	1
462087	2081523	1
495266	223721	1
196618	2399385	1
988330	4223758	1
851239	4041552	1
412550	1967842	1
792992	2441884	1
286893	2087902	1
940437	3100234	1
191980	6487371	1
1037643	5348341	1
717530	655204	1
842248	3251539	1
610778	207171	1
887860	6111928	1
769788	4740305	1
572852	484785	1
442285	1183355	1
876730	5981397	1
496456	2059273	1
146308	5742185	1
835076	3087307	1
719319	3879955	1
601325	6645544	1
284562	5381138	1
829189	5420891	1
829189	5420896	1
829189	5420898	1
629144	2224635	1
910356	1572737	1
626200	7235386	1
607008	1362701	1
287490	3049748	1
645837	6029604	1
844033	2928840	1
853200	4040490	1
554497	601262	1
554497	601263	1
554497	601265	1
81040	3395711	1
557961	7479868	1
658404	479718	1
785414	4445602	1
481258	2147383	1
68279	2329426	1
145919	2996278	1
1153966	1208001	1
747978	1694130	1
1061558	3339102	1
588144	1153726	1
872513	2929553	1
872513	2929560	1
569337	6586461	1
1027973	2464904	1
1028301	3971879	1
1028301	3971880	1
96896	6446663	1
303274	6826912	1
969534	4691004	1
445977	1651014	1
554142	1001914	1
53868	5553899	1
748263	6223919	1
748263	6223920	1
301483	1326722	1
1005416	4944456	1
939565	4981297	1
713670	1745975	1
232590	5732611	1
591872	720442	1
98213	2863152	1
978929	470057	1
965551	4810596	1
897218	3658094	1
775494	4259685	1
848415	4615081	1
807831	3371157	1
961821	2228028	1
324028	5635618	1
405360	2075105	1
974391	2874580	1
181897	6165427	1
47812	7167456	1
514939	1320511	1
20841	4458403	1
797503	3517209	1
1165463	8278266	1
138433	289963	1
719844	4683734	1
556759	5054497	1
402814	5715699	1
1156565	964095	1
630413	982643	1
795993	2624001	1
864222	4920742	1
664686	6074574	1
796562	2881874	1
53371	7046655	1
808973	4724278	1
652060	1331049	1
136759	4133156	1
634453	705612	1
720790	3768094	1
1044951	3275652	1
187776	2005040	1
1142441	2304349	1
1031693	3940295	1
629919	924298	1
173979	214261	1
789900	2947355	1
1156426	978156	1
524484	3612275	1
318336	853588	1
318336	5546589	1
237844	3395144	1
1026315	5082764	1
165545	6534208	1
677896	1850827	1
943521	6141596	1
53636	5602658	1
276666	2179843	1
35685	3055539	1
1028800	5324464	1
60659	6584147	1
964339	6117896	1
1018935	3938714	1
811354	4477916	1
122710	798246	1
831845	3588158	1
961435	4911358	1
775737	3743339	1
565652	1952667	1
950570	3058455	1
154137	4116702	1
187804	6374483	1
624282	6029301	1
341664	971858	1
47877	2928194	1
1011640	5015855	1
176153	792700	1
119515	3852156	1
118375	5661348	1
1141585	2387513	1
321431	7369210	1
137692	2419117	1
284835	3215355	1
64225	5555950	1
326936	5422519	1
336995	4849102	1
152025	6894670	1
244195	1687458	1
12041	5206805	1
130929	6352462	1
719162	1267369	1
77712	6517962	1
812217	6217614	1
113043	6459636	1
750975	8653506	1
792398	5942316	1
103606	1907961	1
503578	2119689	1
754759	7357862	1
785809	5188509	1
511451	6666565	1
941193	3943139	1
124994	2339883	1
240201	6549784	1
846970	3134943	1
186188	356561	1
434399	1254645	1
647724	6260045	1
627046	248284	1
382674	561994	1
603119	7052429	1
675886	556183	1
150211	2068250	1
537424	6807092	1
393430	1303494	1
103134	4658337	1
324228	6251261	1
535609	6662574	1
745498	6945182	1
42455	1550652	1
795418	6298655	1
726111	478117	1
725860	1628516	1
1006744	4636252	1
163603	5124402	1
480530	1732087	1
992724	4433842	1
690087	2128240	1
595350	246225	1
845833	2944503	1
694809	5793565	1
694809	5793567	1
884943	2900984	1
987589	4965190	1
622020	806849	1
461761	2685963	1
891259	2581497	1
134436	6830995	1
488816	767856	1
659374	832118	1
20	3413588	1
1161252	492304	1
952179	5005297	1
817457	2683194	1
817457	2683196	1
859658	3410032	1
163874	684786	1
425667	1232701	1
637523	669529	1
200257	4703115	1
84678	6345057	1
84678	3142431	1
84678	6345060	1
309058	5454422	1
422855	190190	1
172180	5721317	1
801416	6301767	1
801416	6301768	1
56656	4362711	1
1146821	1891009	1
785888	6135226	1
465669	6938783	1
1002106	2495837	1
545983	6207096	1
831031	2962886	1
831031	2962887	1
1016386	4284079	1
96297	6645157	1
654964	319193	1
654964	319196	1
962412	4817610	1
227557	6833433	1
864101	3483325	1
284193	6353643	1
284193	6512546	1
284193	2989450	1
808434	2971977	1
193777	1370509	1
330134	5447258	1
349946	3410820	1
76834	5814032	1
236072	7059749	1
471553	5319305	1
579954	2995499	1
508881	441612	1
300841	2951530	1
322908	3671281	1
615809	2055021	1
913646	6126388	1
193820	2690877	1
870148	2571116	1
658849	7056700	1
805685	5370958	1
824679	4916358	1
70154	5683569	1
617956	1435453	1
708644	481856	1
676166	8114135	1
564967	7193217	1
564967	7193222	1
25673	5512093	1
639942	283409	1
995219	2252029	1
573591	1061212	1
544310	6050272	1
613886	339300	1
468217	1438652	1
296323	643837	1
246409	5215159	1
305861	5908160	1
839573	5986440	1
55334	6371938	1
305869	6160530	1
517750	4785029	1
651118	2039417	1
854531	5281787	1
404455	3713599	1
589047	1965540	1
589047	1965548	1
832098	2456736	1
561615	1424437	1
139305	2880515	1
761502	4654119	1
3571	6529442	1
158809	3686050	1
608898	1519540	1
999504	2835836	1
357115	6317202	1
467534	506110	1
997133	6117704	1
610694	6835192	1
1045694	4705126	1
659963	8100977	1
354000	2313498	1
970487	3772933	1
136845	884412	1
197575	6650068	1
1039157	4682075	1
1039157	4682077	1
1039157	4682078	1
1023284	3865363	1
859296	4376956	1
126134	6654019	1
260134	798899	1
411237	1851396	1
501607	546101	1
617188	241133	1
747067	1412762	1
641188	1118522	1
762765	4372929	1
850779	913042	1
969125	4130856	1
901847	4895872	1
129541	5014418	1
461284	1931419	1
600244	1373303	1
863820	5324774	1
435981	1574300	1
435981	1574302	1
435981	1574307	1
346902	5997616	1
906935	4286417	1
1139463	2588828	1
785341	4879525	1
919770	3437684	1
1140083	2533663	1
473288	1131733	1
993847	2272469	1
1076277	3725119	1
983630	3583387	1
979759	2592520	1
839994	5985741	1
565615	287738	1
886530	5293482	1
528046	6767659	1
756284	2185981	1
404491	1267560	1
395459	1223425	1
278814	3574105	1
1056456	3574909	1
608134	4534715	1
158395	635433	1
670836	2099033	1
859851	5983365	1
828697	2596218	1
622925	1376236	1
400378	6857881	1
1141389	2404696	1
1010820	4969919	1
338035	5170506	1
457982	1673326	1
969182	4432920	1
1070976	4323115	1
240828	6433498	1
932887	921399	1
273029	4620231	1
946017	4392751	1
1156257	995325	1
1051984	3295967	1
502005	6525677	1
559333	1149494	1
636068	1371369	1
45409	1943629	1
1059225	6301339	1
977200	2858016	1
775727	3778202	1
996804	3299364	1
570516	3548480	1
428531	482664	1
406374	6737431	1
730328	6744962	1
1138202	2714058	1
849575	2286352	1
287821	3809842	1
1162320	375180	1
760965	289054	1
1138020	2730384	1
764233	2382941	1
586280	6995861	1
584208	5676489	1
584208	5676494	1
433919	6604283	1
26286	362045	1
4546	608684	1
607818	6896649	1
194960	5759750	1
652876	1605617	1
441079	855961	1
929425	3867094	1
405620	6732196	1
55755	5887162	1
189204	192614	1
1034827	3887733	1
938313	6123944	1
610802	1800724	1
729445	2189781	1
320306	4433694	1
908994	3189183	1
902917	2993099	1
16978	1554940	1
319474	3138849	1
924122	4654162	1
428800	6721826	1
1157445	875010	1
32582	1657876	1
1000015	4893683	1
280727	3931474	1
694343	158462	1
197422	5731784	1
163243	5108856	1
948500	508117	1
309822	635247	1
464537	529874	1
38027	8525314	1
838482	2843083	1
737406	1808471	1
682296	1506745	1
1017723	4143444	1
590995	5303664	1
489309	5774298	1
483332	1627171	1
1170299	54237	1
867234	2489380	1
486845	2082421	1
558973	6957682	1
631568	1090615	1
628428	5659945	1
18279	5105164	1
895795	3589557	1
790910	4440681	1
132805	5656443	1
140930	677946	1
579840	6578031	1
484227	6775197	1
1166504	7327159	1
762136	3358356	1
300601	5779141	1
162409	538739	1
207705	5101193	1
392854	3699849	1
871907	5168594	1
829501	6089461	1
674742	6978652	1
428323	3741318	1
857262	2868849	1
430738	306467	1
57472	6462147	1
568010	753288	1
12811	4926877	1
1178647	5323569	1
65395	5583040	1
435083	1018447	1
548708	399588	1
762812	4016677	1
366902	4232696	1
191949	4382110	1
998409	2366527	1
1078073	5083341	1
992756	990831	1
701840	733796	1
41346	1794488	1
1029951	3081700	1
562804	4570794	1
527270	6169969	1
574731	7673034	1
574731	7673039	1
1004333	4041840	1
998970	5956122	1
21106	6206413	1
279691	3782287	1
108797	6177188	1
607206	6038659	1
959566	2464242	1
59857	4142106	1
685176	448587	1
667876	768783	1
1154235	1180364	1
856306	3786660	1
149444	6020690	1
50456	6464435	1
639665	278201	1
261617	3616407	1
567479	1287504	1
604802	6994331	1
824459	5147666	1
490313	6001695	1
622962	4396517	1
604948	4292417	1
112392	5269851	1
449469	6980570	1
988097	5930020	1
798267	747912	1
874472	3571112	1
756150	1898538	1
119993	4100481	1
419895	5147469	1
726437	4978127	1
129294	2141012	1
541576	6876306	1
691540	2145915	1
1143264	2221041	1
1024402	4644081	1
188476	5605205	1
257813	5160232	1
405428	693300	1
1149964	1596080	1
77811	5836973	1
611126	6948335	1
917795	2882191	1
980491	5294619	1
678957	6534065	1
653870	4661553	1
712875	1672376	1
389050	5357052	1
466541	4185304	1
580968	5574547	1
511677	3899512	1
1020234	4513958	1
1020234	4513965	1
334358	667207	1
900972	4378069	1
1175046	7040278	1
455052	1280807	1
698626	6018642	1
490210	1278074	1
108517	4732629	1
1068632	2615012	1
159649	2486024	1
687621	6651630	1
795292	3532520	1
880181	3315352	1
851511	4143898	1
191021	2732576	1
447364	1945939	1
717915	1749789	1
717915	1749792	1
623840	504259	1
309068	849077	1
2769	2035182	1
898559	4404916	1
299881	5870758	1
1185287	3913604	1
193726	6165636	1
154548	945024	1
63085	5596940	1
595168	7665240	1
595168	7665246	1
934023	4227304	1
321174	458829	1
199450	1258091	1
258152	209999	1
844319	4960320	1
289834	3706040	1
179465	2724647	1
76416	5516446	1
426639	1397990	1
645383	3018064	1
250652	1051460	1
963209	5333917	1
696204	467953	1
419718	1993890	1
156949	5745692	1
305585	4023617	1
803918	5192573	1
497418	3029804	1
540374	1670519	1
104398	725406	1
104398	725411	1
28053	5021519	1
870624	2321779	1
157163	3987953	1
100554	3383132	1
93028	4941869	1
693740	1747391	1
224208	6145039	1
490138	471602	1
153389	1155939	1
599366	1113713	1
599366	2241835	1
204510	3481019	1
204510	3481027	1
568602	1598554	1
629518	1270389	1
562840	5773339	1
836804	3036606	1
836804	3763452	1
795519	2432281	1
605079	277979	1
721891	1590141	1
487720	7044738	1
358866	6460581	1
896010	2424310	1
628383	1214501	1
548142	2062373	1
586941	2123515	1
892656	4504104	1
400823	6175724	1
334712	2308632	1
413503	790345	1
953413	4890858	1
782684	3952560	1
452967	550049	1
984972	3964607	1
967866	5414475	1
523489	6866039	1
460206	906821	1
871351	2928054	1
1057645	2580831	1
277075	527113	1
681204	257599	1
986797	5236552	1
968500	3947435	1
762145	3433361	1
616745	2117858	1
350909	5872101	1
950947	2813982	1
860692	3617677	1
762056	5011958	1
1047813	4598825	1
488295	743962	1
841618	4461178	1
770723	4419372	1
791780	4693164	1
501359	1588896	1
1081598	4135493	1
182009	7887792	1
153377	4872125	1
873244	2717396	1
546667	608368	1
108367	6170512	1
172673	4789311	1
734263	3893795	1
235327	1013224	1
5186	4207925	1
938273	4584159	1
327349	5468483	1
203382	3341947	1
232066	5622881	1
791362	3187002	1
660880	2932863	1
824900	4752214	1
218438	2400141	1
236726	5801878	1
622008	1992498	1
911125	3011526	1
787349	4986296	1
197623	5544953	1
192573	2713394	1
609270	6704897	1
928658	4530251	1
955526	2693307	1
429542	4255994	1
928950	5425453	1
156694	1395619	1
948858	3804642	1
617560	950112	1
569926	2826823	1
244895	1293938	1
1014396	4329690	1
786097	4808884	1
752791	1108050	1
758548	661988	1
758548	661989	1
916163	788922	1
53438	550814	1
987404	4790981	1
276400	208112	1
676006	1086245	1
132059	6357353	1
391445	3868089	1
391445	3868093	1
700565	1677754	1
108424	4908636	1
1152697	1334381	1
860186	2256210	1
1038219	2327115	1
61754	3896916	1
781026	2950032	1
1081826	3211424	1
179118	5853676	1
313420	5057829	1
768950	5400897	1
470126	1437178	1
88573	2739541	1
286137	2128454	1
817838	6096205	1
986474	5412888	1
820978	2458342	1
463605	1994260	1
999465	2266419	1
938855	5256068	1
122840	915237	1
453811	6874573	1
415912	6258363	1
968193	3881393	1
66299	5743444	1
830061	5277886	1
1137901	2741762	1
830295	6224025	1
699977	602351	1
90577	3349644	1
90577	3349649	1
129770	3308211	1
226020	7879708	1
676288	7248183	1
997273	3079477	1
985177	4817442	1
1076579	6108878	1
719344	292943	1
721551	1468210	1
289606	6412278	1
563254	786859	1
1178577	5390516	1
866087	2735303	1
536578	541714	1
895499	2370313	1
700387	6036206	1
690962	511756	1
45850	386825	1
225640	6499146	1
225640	6499151	1
843363	6296784	1
843363	6296786	1
506425	1564727	1
556140	1850987	1
40414	1880836	1
1166183	7617241	1
923323	438428	1
892403	4707326	1
892403	4707329	1
1136993	2594315	1
680491	7025016	1
617489	1715312	1
767283	4215954	1
866881	2120323	1
54836	6634026	1
205119	5776233	1
299239	6006932	1
596250	6819208	1
821625	3877121	1
1070553	2669297	1
439138	5369971	1
106609	2240031	1
1170437	3579058	1
1171126	2874103	1
559919	905882	1
559919	905886	1
743843	2605481	1
394590	776176	1
897197	3869363	1
596043	2208966	1
559747	1573712	1
556910	1340189	1
522518	608287	1
70542	997167	1
1025180	5445690	1
580985	952116	1
580985	952122	1
296558	1031293	1
13106	6415930	1
461458	2282433	1
68511	6407714	1
833401	5243365	1
1008501	4094566	1
734928	6736942	1
737015	5606625	1
921204	3036542	1
1054340	5349829	1
1010732	4701689	1
10571	4392584	1
1139099	2625607	1
427039	2622048	1
431492	4176256	1
938727	2375819	1
654749	6176135	1
582572	1191792	1
976885	2846492	1
855797	2297015	1
579384	1568862	1
731293	137285	1
982164	3389921	1
642849	133104	1
873620	3265405	1
447734	7020372	1
728417	844130	1
519855	7853867	1
277731	6012587	1
377928	1370693	1
616755	708032	1
848998	4420449	1
525682	5211727	1
40327	6411216	1
1142931	2255373	1
282899	5406728	1
646010	1400405	1
283156	5747240	1
781265	3083858	1
1053080	4880020	1
1142396	2308915	1
440290	7001261	1
103610	5453905	1
937520	3998273	1
962119	3930283	1
779767	2991995	1
675550	6048623	1
697454	764775	1
1026838	4268901	1
537254	1210684	1
774682	2276255	1
1139385	2595934	1
503801	134363	1
506596	2046935	1
202018	5852745	1
638907	6989184	1
643141	745081	1
676440	7003328	1
414074	2969887	1
1037190	3708121	1
250256	1067769	1
802977	2161546	1
1052529	5338400	1
527961	1365331	1
527961	1365333	1
527961	1365335	1
992465	2844849	1
869747	4626211	1
472811	1041810	1
511121	936891	1
683610	5922180	1
871865	2579912	1
152544	6227897	1
859353	3379876	1
1184415	2748870	1
573736	628035	1
1040868	4388626	1
180318	3952536	1
846413	2462771	1
630098	86933	1
604564	1284816	1
494779	2045487	1
110310	2974239	1
198459	6400236	1
823969	3251929	1
1182020	1953005	1
130010	5859452	1
358192	4329883	1
983031	3037600	1
298607	389144	1
51017	3770198	1
587900	1600053	1
185006	3411871	1
626266	1282354	1
160812	2270594	1
427959	1036409	1
578961	790105	1
931000	6095061	1
883093	4805351	1
133129	1727182	1
323541	2162229	1
515912	4104069	1
748933	2142303	1
361903	496566	1
361903	496568	1
744376	128808	1
558636	1377076	1
548757	918409	1
1153229	1284196	1
336013	5471059	1
774834	2559548	1
774834	2559556	1
878287	3685422	1
234797	685747	1
410348	230978	1
780104	4140930	1
362742	4557100	1
362742	4557101	1
545836	797382	1
1082018	6223836	1
765388	747539	1
27599	1568626	1
376332	6659071	1
823306	3389569	1
780010	2836412	1
42702	576202	1
487597	5911556	1
698798	1867043	1
624165	915185	1
578352	1209655	1
1183491	443026	1
579313	1050999	1
462381	543095	1
812847	3629285	1
886269	2302852	1
714621	1785263	1
318595	4674031	1
721221	202976	1
1000040	1802921	1
458912	3148185	1
458912	1547259	1
458912	232431	1
866984	2278364	1
194304	2693200	1
886013	6124131	1
913212	2686409	1
437508	487785	1
521553	431819	1
295374	6641788	1
388492	517927	1
722177	758433	1
722177	758438	1
50856	5189106	1
50856	5189109	1
97588	3207216	1
960293	4183021	1
855006	2831895	1
261970	485799	1
58559	527425	1
490021	623107	1
490021	623110	1
84285	121744	1
1035985	2804984	1
1035985	486237	1
46945	898530	1
498438	185959	1
958915	3863267	1
366821	6028807	1
116476	5625551	1
40862	6018068	1
62318	2430125	1
95411	3673932	1
885495	5045475	1
1042131	2515965	1
1173489	415907	1
57278	2298659	1
833815	3494536	1
31773	538230	1
362462	6134483	1
56857	1833164	1
4354	6267449	1
1172617	1346795	1
222370	5697793	1
275093	6558646	1
467090	91348	1
491023	1906281	1
126891	7528326	1
866305	3435805	1
1027309	3409251	1
668724	6703419	1
1181092	2921701	1
603371	4168964	1
386447	841386	1
671364	3697157	1
890799	4975838	1
126016	2249806	1
381347	3091866	1
1018824	2243923	1
1015264	4443417	1
848714	3290687	1
511194	1764198	1
248382	2678977	1
690852	660863	1
174094	3410912	1
928987	3696759	1
372847	6587919	1
339946	6368281	1
506042	1300260	1
303194	5865097	1
193183	1429304	1
457222	7579785	1
573532	6886138	1
41908	6742268	1
1000933	4271274	1
41966	2444258	1
208486	914480	1
170790	3615649	1
264002	338177	1
156565	6956089	1
901354	3511966	1
901354	2513043	1
437440	2174105	1
385928	1338357	1
577475	935959	1
695409	6274739	1
646314	6869881	1
477167	1571203	1
183428	3183329	1
161102	1457999	1
668364	7035583	1
898635	4003359	1
875831	2389883	1
826311	5096513	1
442788	1417647	1
262455	2223358	1
845577	3460498	1
747837	577838	1
299168	6487168	1
1069441	3430025	1
682269	1653965	1
885270	1641470	1
199633	5648638	1
482240	6901304	1
482240	6901306	1
183636	2987794	1
317115	4467779	1
1178025	5832499	1
315501	6165848	1
34071	5957574	1
762685	3332826	1
925351	4797835	1
145961	810209	1
1146376	1930078	1
384363	5507996	1
764828	5052212	1
1163986	191563	1
310179	2847003	1
911988	2794421	1
82141	5584085	1
746941	1124567	1
909691	3768897	1
286114	6353902	1
962978	4365368	1
126238	4761177	1
235989	2937082	1
99686	373654	1
329247	160139	1
601639	1591851	1
882189	4315260	1
606547	3940287	1
606547	1462105	1
118380	5879063	1
537445	4012201	1
395419	1114532	1
718335	972807	1
608094	631605	1
768452	2239570	1
21989	3725661	1
56127	3605248	1
596467	5833878	1
1169473	4496141	1
1070430	4767471	1
1017585	4949019	1
802022	4094051	1
829155	2628966	1
305314	5535371	1
684073	869327	1
211864	5553479	1
82930	5193878	1
467913	374821	1
307829	1867264	1
857066	3262849	1
175861	2119940	1
152405	4829793	1
853649	2383522	1
853649	2383524	1
738442	758781	1
718162	4701669	1
845215	3579923	1
776679	2936443	1
21377	6380920	1
306532	2927996	1
217889	3533179	1
581366	1026049	1
722888	138830	1
436397	4383202	1
738003	1602876	1
479182	1144519	1
280464	6646938	1
416775	1982076	1
727755	6457444	1
553790	1950638	1
479821	721432	1
677276	6812109	1
627302	701558	1
438526	2106027	1
10071	6790621	1
469694	1636900	1
576341	3828889	1
230557	6021814	1
623960	2502390	1
1050804	4864760	1
969368	3057231	1
816153	4605204	1
1145528	2008870	1
1155750	1041478	1
728614	891649	1
51256	2029198	1
51256	2029199	1
51256	2029206	1
51256	2029207	1
427522	151659	1
387639	2219950	1
387639	2219958	1
49721	3739092	1
441006	1744040	1
1014193	4193865	1
611455	2048193	1
802746	4002501	1
