query-id	corpus-id	score
99551	3315324	1
81040	3395711	1
973907	6226908	1
690081	5874016	1
708644	481856	1
1043583	2731165	1
587900	1600053	1
1180773	3257441	1
191021	2732576	1
827118	3467256	1
21899	5594834	1
663642	7856391	1
547020	2195116	1
878514	6313126	1
1055705	3263967	1
272189	1207698	1
320306	4433694	1
540469	668945	1
1037643	5348341	1
754244	915567	1
455052	1280807	1
883093	4805351	1
1069441	3430025	1
969368	3057231	1
1077680	3824272	1
962412	4817610	1
25667	759930	1
761081	5111064	1
334712	2308632	1
846970	3134943	1
909703	5446200	1
437092	5303693	1
744733	5923157	1
807076	6295135	1
240828	6433498	1
829151	2603734	1
988191	4349474	1
948500	508117	1
1171126	2874103	1
258477	1112243	1
567868	1743802	1
1163573	236001	1
1156565	964095	1
993847	2272469	1
774310	2638555	1
90577	3349649	1
775737	3743339	1
969534	4691004	1
572794	420184	1
702478	7864807	1
1031693	3940295	1
863820	5324774	1
675550	6048623	1
596043	2208966	1
602974	2114594	1
1018523	3252719	1
611499	842386	1
702869	1633714	1
386447	841386	1
1005416	4944456	1
284219	6016517	1
554497	601265	1
439600	1152999	1
762145	3433361	1
419301	705685	1
1070553	2669297	1
802746	4002501	1
73766	2263296	1
986474	5412888	1
878287	3685422	1
284193	2989450	1
1040194	2473741	1
56656	4362711	1
230490	6833901	1
1139385	2595934	1
139305	2880515	1
1035985	486237	1
774834	2559548	1
1018824	2243923	1
174094	3410912	1
391988	507748	1
60876	5787691	1
4546	608684	1
321431	7369210	1
768452	2239570	1
1137901	2741762	1
1070976	4323115	1
102053	5859016	1
416775	1982076	1
85793	6214028	1
581366	1026049	1
27599	1568626	1
535209	7300635	1
362742	4557100	1
622503	1192028	1
85597	1410637	1
53438	550814	1
880181	3315352	1
154137	4116702	1
194304	2693200	1
301483	1326722	1
839994	5985741	1
896155	3631314	1
871351	2928054	1
1039157	4682078	1
596250	6819208	1
642849	133104	1
231830	736041	1
244195	1687458	1
35291	6992874	1
788287	2727877	1
745404	2170051	1
855950	4222248	1
803918	5192573	1
319474	3138849	1
928658	4530251	1
515100	5871641	1
603371	4168964	1
11878	5625087	1
960293	4183021	1
51659	3608255	1
567479	1287504	1
289606	6412278	1
738885	4409100	1
660880	2932863	1
925351	4797835	1
51709	601203	1
797459	4085914	1
51017	3770198	1
725860	1628516	1
874472	3571112	1
855256	2512597	1
338035	5170506	1
124994	2339883	1
1139099	2625607	1
614041	6825474	1
145961	810209	1
330134	5447258	1
307866	3333829	1
1165884	7901934	1
579954	2995499	1
229753	3328563	1
1179875	4162432	1
1062238	2505878	1
83505	5516179	1
507933	1184627	1
652454	594994	1
614731	606459	1
40430	4082377	1
369070	6422913	1
866871	4161773	1
445977	1651014	1
53371	7046655	1
679982	3440639	1
758548	661989	1
630413	982643	1
729445	2189781	1
684694	6037253	1
333104	2609615	1
1172617	1346795	1
756030	1527630	1
1058824	4705116	1
901847	4895872	1
519855	7853867	1
892403	4707326	1
683610	5922180	1
534030	270661	1
763898	6302608	1
470126	1437178	1
51256	2029198	1
808434	2971977	1
292420	5042767	1
636662	1425943	1
1006744	4636252	1
446344	5890285	1
747749	954871	1
785888	6135226	1
999504	2835836	1
422403	6284949	1
358192	4329883	1
835076	3087307	1
976573	5966474	1
720776	920813	1
591872	720442	1
477167	1571203	1
968500	3947435	1
604948	4292417	1
1140573	2485042	1
1016464	2787148	1
623	2890975	1
490138	471602	1
987077	2643476	1
329453	5507348	1
563254	786859	1
563337	7044790	1
572937	921791	1
627302	701558	1
807831	3371157	1
647724	6260045	1
746177	331084	1
160812	2270594	1
527270	6169969	1
471553	5319305	1
188717	2277775	1
628428	5659945	1
159845	3357206	1
1000015	4893683	1
1035694	6128121	1
15653	1905362	1
226449	5772286	1
327866	6642793	1
116476	5625551	1
608094	631605	1
300841	2951530	1
513027	5912862	1
1029951	3081700	1
627046	248284	1
824897	4425465	1
662718	3669267	1
191764	6428317	1
490021	623110	1
606547	3940287	1
892656	4504104	1
594941	7921333	1
717915	1749789	1
768950	5400897	1
1020234	4513965	1
917384	3075651	1
721891	1590141	1
324028	5635618	1
4354	6267449	1
175861	2119940	1
623840	504259	1
126261	6001140	1
555842	6803752	1
988356	6211942	1
48373	4646281	1
654964	319193	1
817824	2779322	1
43178	1841982	1
814882	4580332	1
154548	945024	1
452732	1227084	1
654613	6197462	1
1145009	2053852	1
305220	3866550	1
1056456	3574909	1
171715	5141342	1
946017	4392751	1
395419	1114532	1
680491	7025016	1
675043	821801	1
187804	6374483	1
569525	6767581	1
450602	6805062	1
903511	2269475	1
88573	2739541	1
864222	4920742	1
487597	5911556	1
172673	4789311	1
767358	820134	1
501030	611849	1
800926	2816391	1
1035985	2804984	1
1149964	1596080	1
670836	2099033	1
496456	2059273	1
112392	5269851	1
762056	5011958	1
1012162	3981305	1
244895	1293938	1
350909	5872101	1
545246	279455	1
357115	6317202	1
144283	898389	1
527961	1365335	1
768728	2933830	1
514939	1320511	1
754759	7357862	1
498570	173237	1
180318	3952536	1
331853	104421	1
659963	8100977	1
313452	5492696	1
556140	1850987	1
228585	6625282	1
588144	1153726	1
276666	2179843	1
136555	3438937	1
89094	3722560	1
617560	950112	1
718162	4701669	1
604564	1284816	1
917795	2882191	1
749924	6901685	1
130929	6352462	1
826567	3292672	1
802977	2161546	1
192573	2713394	1
1170299	54237	1
697454	764775	1
544998	4981902	1
195458	3260078	1
973680	2876535	1
152900	5699056	1
999347	5215219	1
678186	4893626	1
511194	1764198	1
260134	798899	1
568602	1598554	1
844033	2928840	1
257813	5160232	1
40414	1880836	1
261617	3616407	1
648733	466670	1
193648	4212155	1
118126	4714500	1
241105	4202233	1
467913	374821	1
576590	243151	1
1151360	1458412	1
829189	5420896	1
149847	1291565	1
515546	6958507	1
202018	5852745	1
721551	1468210	1
225692	6976694	1
1011450	3397342	1
1040318	845407	1
775494	4259685	1
629518	1270389	1
107053	3280871	1
721221	202976	1
490313	6001695	1
689954	1769412	1
586941	2123515	1
723902	922047	1
103606	1907961	1
608898	1519540	1
694809	5793565	1
1023010	3369590	1
575064	1336574	1
225640	6499146	1
106609	2240031	1
133309	155991	1
737299	3914598	1
179997	3028038	1
310774	6220556	1
396204	1829206	1
676006	1086245	1
674896	8728590	1
282021	3696479	1
122710	798246	1
129770	3308211	1
599308	996213	1
388492	517927	1
82169	6574311	1
845833	2944503	1
750140	6265113	1
546667	608368	1
998409	2366527	1
196085	5737120	1
18279	5105164	1
726437	4978127	1
676288	7248183	1
909691	3768897	1
491016	6207629	1
1138202	2714058	1
336013	5471059	1
440290	7001261	1
461761	2685963	1
939321	3062759	1
793287	5319550	1
310179	2847003	1
654749	6176135	1
641188	1118522	1
95289	3950324	1
447734	7020372	1
250025	3815935	1
642091	3131587	1
911988	2794421	1
238151	4291832	1
738442	758781	1
187328	6631082	1
240201	6549784	1
692480	1443133	1
674732	1528946	1
419895	5147469	1
109479	1171447	1
584694	6793530	1
584347	4872208	1
82294	4833345	1
953412	4413678	1
687385	4498327	1
373236	1923475	1
286114	6353902	1
265914	4148248	1
719344	292943	1
1175568	6992405	1
204510	3481019	1
787349	4986296	1
99686	373654	1
108424	4908636	1
1184415	2748870	1
645122	1488382	1
441079	855961	1
129860	3275934	1
795722	920553	1
244093	5131603	1
683060	5383078	1
206840	6031916	1
848875	3784241	1
659374	832118	1
747067	1412762	1
1002996	4747857	1
913353	3355855	1
449855	7271355	1
515546	6958506	1
688335	885679	1
35965	5996537	1
130010	5859452	1
287821	3809842	1
856306	3786660	1
580968	5574547	1
562840	5773339	1
1145854	1979324	1
110994	5111912	1
792398	5942316	1
104398	725411	1
216265	643308	1
405459	7189626	1
535609	6662574	1
552177	1303742	1
84285	121744	1
1081598	4135493	1
414074	2969887	1
1166234	7567481	1
465536	398928	1
1178025	5832499	1
609571	5898577	1
943521	6141596	1
1026992	4310854	1
601325	6645544	1
684073	869327	1
970790	5291131	1
735921	5012010	1
685862	2004255	1
607206	6038659	1
16978	1554940	1
425667	1232701	1
1062080	3173298	1
689201	797351	1
582572	1191792	1
982164	3389921	1
498438	185959	1
558636	1377076	1
1030111	2680052	1
49721	3739092	1
179732	2709409	1
190209	2471568	1
712948	1418874	1
162409	538739	1
479182	1144519	1
538325	1364629	1
749927	1237035	1
816426	6228288	1
828697	2596218	1
705098	1814871	1
385928	1338357	1
843363	6296786	1
58559	527425	1
820978	2458342	1
604206	441897	1
714621	1785263	1
153389	1155939	1
882189	4315260	1
1076590	4843357	1
382674	561994	1
1170954	3047213	1
1155750	1041478	1
848415	4615081	1
462853	603080	1
1184657	337910	1
361293	4972879	1
277075	527113	1
1164546	134703	1
752791	1108050	1
609270	6704897	1
627842	1683269	1
387639	2219950	1
124856	3747117	1
110310	2974239	1
633367	6179523	1
892961	4166282	1
719648	5379637	1
958915	3863267	1
731293	137285	1
303194	5865097	1
552595	2025991	1
937426	3042850	1
